[
  {
    "login": "johan@mymail.com",
    "password": "mypassword",
    "userInfos": {
      "id": "johan",
      "fullName": "Johan P",
      "email": "johan@mymail.com",
      "roles": ["admin", "writer"]
    }
  },
  {
    "login": "writer@mymail.com",
    "password": "mypassword",
    "userInfos": {
      "id": "writer",
      "fullName": "writer",
      "email":  "writer@mymail.com",
      "roles": ["writer"]
    }
  },
  {
    "login": "norole@mymail.com",
    "password": "mypassword",
    "userInfos": {
      "id": "norole",
      "fullName": "norole",
      "email":  "norole@mymail.com"
    }
  }
]